model,horizon_h,RMSE,MAE,corr,skill_vs_persistence,RMSE_storm,skill_storm
Persistence,1,4.3018,2.7325,0.9745,0.0000,12.0315,0.0000
Persistence,2,6.9415,4.4507,0.9336,0.0000,19.7881,0.0000
Persistence,3,8.7479,5.5821,0.8945,0.0000,25.5655,0.0000
Persistence,4,10.1718,6.4032,0.8575,0.0000,30.6668,0.0000
Persistence,5,11.3672,7.0762,0.8222,0.0000,35.0844,0.0000
Persistence,6,12.4337,7.6640,0.7874,0.0000,38.8726,0.0000
Physics (OM2000),1,3.7262,2.4991,0.9810,0.2497,9.4217,0.3868
Physics (OM2000),2,6.2711,4.2070,0.9462,0.1838,16.1255,0.3359
Physics (OM2000),3,8.4519,5.6024,0.9030,0.0665,22.0624,0.2553
Physics (OM2000),4,10.2703,6.7254,0.8585,-0.0195,27.2614,0.2098
Physics (OM2000),5,11.7807,7.6298,0.8168,-0.0741,31.7978,0.1786
Physics (OM2000),6,13.1811,8.4403,0.7746,-0.1238,36.0404,0.1404
Ridge,1,3.3443,2.2252,0.9845,0.3956,8.3989,0.5127
Ridge,2,5.6341,3.7635,0.9554,0.3412,14.7981,0.4408
Ridge,3,7.2851,4.8386,0.9244,0.3065,19.6987,0.4063
Ridge,4,8.4730,5.5577,0.8964,0.3061,23.7012,0.4027
Ridge,5,9.3994,6.0743,0.8710,0.3163,27.2156,0.3983
Ridge,6,10.2066,6.4955,0.8461,0.3261,30.2452,0.3946
LSTM,1,3.2782,2.1969,0.9851,0.4193,7.9356,0.5650
LSTM,2,5.5226,3.7016,0.9573,0.3670,14.0316,0.4972
LSTM,3,7.1861,4.7526,0.9266,0.3252,19.0577,0.4443
LSTM,4,8.4248,5.4723,0.8977,0.3140,23.4629,0.4146
LSTM,5,9.3946,5.9910,0.8712,0.3170,27.0828,0.4041
LSTM,6,10.2429,6.4263,0.8447,0.3213,30.1461,0.3986
